"Course HostFaculty/School","Course HostDepartment","CourseCode",Course Title,"CourseClass",Vacancy,Demand,"SuccessfulAllocations",Unsuccessful Allocations due to:,,,,
"",,,,,,,"MainList","ReserveList","QuotaExceeded","TimetableClashes","WorkloadExceeded",Others
"College of Designand Eng",Built Environment,BPS5222,Indoor Environmental Quality,L1,65,29,29,0,0,0,0,0
"College of Designand Eng",Built Environment,BPS5225,"Building Energy Audit andPerformance Measurement andVerification",L1,65,2,2,0,0,0,0,0
"College of Designand Eng",Built Environment,BPS5226,Smart Buildings and Facilities,L1,65,23,23,0,0,0,0,0
"College of Designand Eng",Built Environment,BPS5228,"Advanced Building Materials andStructures",L1,65,26,26,0,0,0,0,0
"College of Designand Eng",Built Environment,BPS5229,"Data Science for the BuiltEnvironment",L1,65,25,25,0,0,0,0,0
"College of Designand Eng",Built Environment,PM5101,PROJECT MANAGEMENT,L1,95,36,36,0,0,0,0,0
"College of Designand Eng",Built Environment,PM5105,DEVELOPMENT FINANCE,L1,95,36,36,0,0,0,0,0
"College of Designand Eng",Built Environment,PM5107,TIME AND COST MANAGEMENT,L1,95,28,28,0,0,0,0,0
"College of Designand Eng",Built Environment,PM5113,Managing Projects using BIM,L1,30,8,8,0,0,0,0,0
"College of Designand Eng",Built Environment,PM5115,"Project Finance Contracts andAgreements",L1,100,33,33,0,0,0,0,0
"College of Designand Eng",Built Environment,PM5117,Urban Managment,L1,100,30,30,0,0,0,0,0
College of Design,Chemical &,CN5020,ADVANCED REACTION,L1,40,3,3,0,0,0,0,0
"Course HostFaculty/School","Course HostDepartment","CourseCode",Course Title,"CourseClass",Vacancy,Demand,"SuccessfulAllocations",Unsuccessful Allocations due to:,,,,
"",,,,,,"MainList","ReserveList","QuotaExceeded","TimetableClashes","WorkloadExceeded",Others,
and Eng,Biomolecular Eng,,ENGINEERING,,,,,,,,,
"College of Designand Eng","Chemical &Biomolecular Eng",CN5040,"ADVANCED TRANSPORTPHENOMENA",L1,54,6,6,0,0,0,0,0
"College of Designand Eng","Chemical &Biomolecular Eng",CN5050,"ADVANCED SEPARATIONPROCESSES",L1,60,11,11,0,0,0,0,0
"College of Designand Eng","Chemical &Biomolecular Eng",CN5111,"OPTIMIZATION OF CHEMICALPROCESSES",L1,60,14,14,0,0,0,0,0
"College of Designand Eng","Chemical &Biomolecular Eng",CN5112,"Introduction to ElectrochemicalSystems",L1,48,48,48,0,0,0,0,0
"College of Designand Eng","Chemical &Biomolecular Eng",CN5162,"ADVANCED POLYMERICMATERIALS",L1,60,6,6,0,0,0,0,0
"College of Designand Eng","Chemical &Biomolecular Eng",CN5172,BIOCHEMICAL ENGINEERING,L1,30,34,30,0,4,0,0,0
"College of Designand Eng","Chemical &Biomolecular Eng",CN5191,Project Engineering,L1,45,13,13,0,0,0,0,0
"College of Designand Eng","Chemical &Biomolecular Eng",CN5193,"INSTRUMENTAL METHODS OFANALYSIS",L1,99,54,54,0,0,0,0,0
"College of Designand Eng","Chemical &Biomolecular Eng",CN5194,"Carbon Capture Sequestration andUtilization",L1,70,40,40,0,0,0,0,0
"College of Designand Eng","Chemical &Biomolecular Eng",CN5203,"Circular Economy in the ChemicalIndustry",L1,120,55,55,0,0,0,0,0
"College of Designand Eng","Chemical &Biomolecular Eng",CN5220,Colloids and Soft Matter Engineering,L1,40,22,22,1,0,0,0,0
"College of Designand Eng","Chemical &Biomolecular Eng",CN6020,Advanced Reaction Engineering,L1,20,4,4,0,0,0,0,0
"College of Designand Eng","Chemical &Biomolecular Eng",CN6163,"Inorganic Nanomaterials forSustainability",L1,45,4,4,0,0,0,0,0
"College of Designand Eng","Chemical &Biomolecular Eng",SH5001,Fundamentals in Process Safety,L1,59,16,16,0,0,0,0,0
"College of Designand Eng","Chemical &Biomolecular Eng",SH5003,"FUNDAMENTALS INENVIRONMENTAL PROTECTION",L1,60,29,29,0,0,0,0,0
"College of Designand Eng","Chemical &Biomolecular Eng",SH5005,Risk Analysis & Safety Analytics,L1,65,39,39,0,0,0,0,0
College of Design,Chemical &,SH5101,INDUSTRIAL TOXICOLOGY,L1,65,16,16,0,0,0,0,0
"Course HostFaculty/School","Course HostDepartment","CourseCode",Course Title,"CourseClass",Vacancy,Demand,"SuccessfulAllocations",Unsuccessful Allocations due to:,,,,
"",,,,,,"MainList","ReserveList","QuotaExceeded","TimetableClashes","WorkloadExceeded",Others,
and Eng,Biomolecular Eng,,,,,,,,,,,
"College of Designand Eng","Chemical &Biomolecular Eng",SH5102,OCCUPATIONAL ERGONOMICS,L1,65,27,27,0,0,0,0,0
"College of Designand Eng","Chemical &Biomolecular Eng",SH5105,Noise and Other Physical Hazards,L1,65,6,6,0,0,0,0,0
"College of Designand Eng","Chemical &Biomolecular Eng",SH5106,Radiation Safety,L1,65,10,10,0,0,0,0,0
"College of Designand Eng","Chemical &Biomolecular Eng",SH5109,Biostatistics and Epidemiology,L1,54,4,4,0,0,0,0,0
"College of Designand Eng","Chemical &Biomolecular Eng",SH5201,Process Hazard Analysis,L1,52,7,7,0,0,0,0,0
"College of Designand Eng","Chemical &Biomolecular Eng",SH5202,Quantified Risk Analysis,L1,44,9,9,0,0,0,0,0
"College of Designand Eng","Chemical &Biomolecular Eng",SH5205,Crisis and Incident Management,L1,44,19,19,0,0,0,0,0
"College of Designand Eng","Chemical &Biomolecular Eng",SH5209,Process Safety Digitalization,L1,19,12,12,0,0,0,0,0
"College of Designand Eng","Chemical &Biomolecular Eng",SH5401,"Safety, Health, Environment & QualityManagement System",L1,65,41,41,0,0,0,0,0
"College of Designand Eng","Chemical &Biomolecular Eng",SH5407,Sustainable Energy and Environment,L1,-,90,60,0,30,0,0,0
"College of Designand Eng","Chemical &Biomolecular Eng",SH5408,Electrical Safety,L1,65,37,37,0,0,0,0,0
"College of Designand Eng","Electrical & ComputerEng",CEG5101,Modern Computer Networking,L01,-,2,2,0,0,0,0,0
"College of Designand Eng","Electrical & ComputerEng",CEG5103,"Wireless and Sensor Networks forIoT",L01,-,24,24,6,0,0,0,0
"College of Designand Eng","Electrical & ComputerEng",CEG5202,"Embedded Software Systems andSecurity",L01,-,47,47,2,0,0,0,0
"College of Designand Eng","Electrical & ComputerEng",CEG5203,"Hardware Acceleration andReconfigurable Computing",L01,-,14,14,1,0,0,0,0
"College of Designand Eng","Electrical & ComputerEng",CEG5204,Smart Sensing Systems,L01,-,13,13,3,0,0,0,0
College of Design,Electrical & Computer,CEG5301,Machine Learning with Applications,L01,-,126,80,0,46,0,0,0
"Course HostFaculty/School","Course HostDepartment","CourseCode",Course Title,"CourseClass",Vacancy,Demand,"SuccessfulAllocations",Unsuccessful Allocations due to:,,,,
"",,,,,,"MainList","ReserveList","QuotaExceeded","TimetableClashes","WorkloadExceeded",Others,
and Eng,Eng,,,,,,,,,,,
"College of Designand Eng","Electrical & ComputerEng",CEG5302,"Evolutionary Computation andApplications",L01,-,117,50,0,23,0,0,44
"College of Designand Eng","Electrical & ComputerEng",CEG5303,"Intelligent Autonomous RoboticSystems",L01,-,93,40,0,53,0,0,0
"College of Designand Eng","Electrical & ComputerEng",CEG5304,"Deep Learning for DigitalizationTechnologies",L01,-,125,75,0,50,0,0,0
"College of Designand Eng","Electrical & ComputerEng",EE5021,"Cloud based Services for Internet ofThings",L01,28,26,26,0,0,0,0,0
"College of Designand Eng","Electrical & ComputerEng",EE5022,Cyber Security for Internet of Things,L01,28,23,23,0,0,0,0,0
"College of Designand Eng","Electrical & ComputerEng",EE5023,Wireless Networks,L01,13,18,13,0,5,0,0,0
"College of Designand Eng","Electrical & ComputerEng",EE5024,IoT Sensor Networks,L01,13,18,13,0,5,0,0,0
"College of Designand Eng","Electrical & ComputerEng",EE5064,"Dynamics and Control of RobotManipulators",L01,8,7,7,0,0,0,0,0
"College of Designand Eng","Electrical & ComputerEng",EE5104,ADAPTIVE CONTROL SYSTEMS,L01,-,26,16,0,10,0,0,0
"College of Designand Eng","Electrical & ComputerEng",EE5134,"Optical Communications andNetworks",L01,-,131,27,0,104,0,0,0
"College of Designand Eng","Electrical & ComputerEng",EE5135,Digital Communications,L01,-,89,36,0,53,0,0,0
"College of Designand Eng","Electrical & ComputerEng",EE5311,"Differentiable and ProbabilisticComputing",L01,-,80,0,0,0,0,0,80
"College of Designand Eng","Electrical & ComputerEng",EE5434,"Microelectronic Processes andIntegration",L01,-,71,43,0,27,0,0,1
"College of Designand Eng","Electrical & ComputerEng",EE5441,"Introduction to Nanoelectronics andEmerging Devices",L01,-,37,16,0,21,0,0,0
"College of Designand Eng","Electrical & ComputerEng",EE5442,"Memory Technologies and TheirEmerging Applications",L01,-,68,17,0,51,0,0,0
"College of Designand Eng","Electrical & ComputerEng",EE5507,Analog Integrated Circuits Design,L01,-,46,27,0,19,0,0,0
College of Design,Electrical & Computer,EE5508,SEMICONDUCTOR,L01,-,10,10,2,0,0,0,0
"Course HostFaculty/School","Course HostDepartment","CourseCode",Course Title,"CourseClass",Vacancy,Demand,"SuccessfulAllocations",Unsuccessful Allocations due to:,,,,
"",,,,,,"MainList","ReserveList","QuotaExceeded","TimetableClashes","WorkloadExceeded",Others,
and Eng,Eng,,FUNDAMENTALS,,,,,,,,,
"College of Designand Eng","Electrical & ComputerEng",EE5517,Optical Engineering,L01,-,95,47,0,48,0,0,0
"College of Designand Eng","Electrical & ComputerEng",EE5711,Power Electronic Systems,L01,-,25,15,0,10,0,0,0
"College of Designand Eng","Electrical & ComputerEng",EE5713,"Modern Power Systems and SmartGrid",L01,40,57,35,0,22,0,0,0
"College of Designand Eng","Electrical & ComputerEng",EE5801,Electromagnetic Compatibility,L01,-,78,31,0,47,0,0,0
"College of Designand Eng","Electrical & ComputerEng",EE5904,Neural Networks,L01,-,48,47,4,0,1,0,0
"College of Designand Eng","Electrical & ComputerEng",EE6104,"ADAPTIVE CONTROL SYSTEMS(ADVANCED)",L01,-,2,2,0,0,0,0,0
"College of Designand Eng","Electrical & ComputerEng",EE6135,Digital Communications (Advanced),L01,-,1,1,0,0,0,0,0
"College of Designand Eng","Electrical & ComputerEng",EE6437,Advanced Semiconductor Devices,L01,-,6,6,0,0,0,0,0
"College of Designand Eng","Electrical & ComputerEng",EE6440,Advanced Topics in Photonics,L01,-,5,5,0,0,0,0,0
"College of Designand Eng","Electrical & ComputerEng",EE6531,"Selected Topics in Smart GridTechnologies",L01,-,1,1,0,0,0,0,0
"College of Designand Eng","Electrical & ComputerEng",EE6831,"Advanced Electromagnetic Theoryand Applications",L01,-,2,2,0,0,0,0,0
"College of Designand Eng","Electrical & ComputerEng",EE6832,"Selected Topics in EM Metamaterialand Multiple-Antenna",L01,-,2,2,0,0,0,0,0
"College of Designand Eng","Electrical & ComputerEng",EE6833,"Selected Topics in Microwave andAntenna Engineering",L01,-,5,5,0,0,0,0,0
"College of Designand Eng","Electrical & ComputerEng",EE6934,Deep Learning (Advanced),L01,-,11,11,0,0,0,0,0
"College of Designand Eng","Industrial Systems Eng& Mgmt",IE5002,Applied Engineering Statistics,L1,73,32,32,0,0,0,0,0
"College of Designand Eng","Industrial Systems Eng& Mgmt",IE5003,"COST ANALYSIS ANDENGINEERING ECONOMY",L1,103,102,92,0,10,0,0,0
College of Design,Industrial Systems Eng,IE5006,Large Scale System Engineering,L1,71,79,71,0,8,0,0,0
"Course HostFaculty/School","Course HostDepartment","CourseCode",Course Title,"CourseClass",Vacancy,Demand,"SuccessfulAllocations",Unsuccessful Allocations due to:,,,,
"",,,,,,"MainList","ReserveList","QuotaExceeded","TimetableClashes","WorkloadExceeded",Others,
and Eng,& Mgmt,,,,,,,,,,,
"College of Designand Eng","Industrial Systems Eng& Mgmt",IE5105,Modelling for Supply Chain Systems,L1,117,34,33,0,0,0,0,1
"College of Designand Eng","Industrial Systems Eng& Mgmt",IE5107,"Operations Analysis andManagement",L1,149,128,121,1,7,0,0,0
"College of Designand Eng","Industrial Systems Eng& Mgmt",IE5108,Facility Layout And Location,L1,69,11,11,1,0,0,0,0
"College of Designand Eng","Industrial Systems Eng& Mgmt",IE5202,"APPLIED FORECASTINGMETHODS",L1,29,17,16,0,0,0,0,1
"College of Designand Eng","Industrial Systems Eng& Mgmt",IE5205,Healthcare System and Analytics,L1,79,47,47,2,0,0,0,0
"College of Designand Eng","Industrial Systems Eng& Mgmt",IE5206,"Energy and Sustainability: A SystemsApproach",L1,40,26,26,2,0,0,0,0
"College of Designand Eng","Industrial Systems Eng& Mgmt",IE5207,"Energy Systems Modelling andMarket Mechanisms",L1,80,53,44,0,1,0,0,8
"College of Designand Eng","Industrial Systems Eng& Mgmt",IE5221,"Transportation Modeling andEconomics",L1,40,10,10,0,0,0,0,0
"College of Designand Eng","Industrial Systems Eng& Mgmt",IE5231,"Statistical Methods for ProcessDesign & Control",L1,40,57,40,0,17,0,0,0
"College of Designand Eng","Industrial Systems Eng& Mgmt",IE5401,"Modern Supply Chain and BlockchainTechnologies",L1,53,113,53,0,14,0,0,46
"College of Designand Eng","Industrial Systems Eng& Mgmt",IE5405,Retail Operations and Analytics,L1,40,28,27,0,0,0,0,1
"College of Designand Eng","Industrial Systems Eng& Mgmt",IE5603,Statistical Learning in Engineering II,L1,30,26,23,1,0,0,0,3
"College of Designand Eng","Industrial Systems Eng& Mgmt",IE5909A,"Research Project in Industrial &System Engineering I",L1,1,1,0,0,0,0,0,1
"College of Designand Eng","Industrial Systems Eng& Mgmt",IE6505,Stochastic Processes II,L1,20,1,1,0,0,0,0,0
"College of Designand Eng","Industrial Systems Eng& Mgmt",IE6520,"Theory and Algorithms for OnlineLearning",L1,20,3,3,0,0,0,0,0
"College of Designand Eng","Industrial Systems Eng& Mgmt",MT5010,"Technology Forecasting, Intelligence& Foresighting",L1,80,40,40,0,0,0,0,0
College of Design,Industrial Systems Eng,MT5021,Creativity and Problem-Solving Skills,L1,40,40,40,0,0,0,0,0
"Course HostFaculty/School","Course HostDepartment","CourseCode",Course Title,"CourseClass",Vacancy,Demand,"SuccessfulAllocations",Unsuccessful Allocations due to:,,,,
"",,,,,,,"MainList","ReserveList","QuotaExceeded","TimetableClashes","WorkloadExceeded",Others
and Eng,& Mgmt,,,,,,,,,,,
"College of Designand Eng","Industrial Systems Eng& Mgmt",MT5022,"Digital Disruption and TechnologyStrategy",L1,80,48,48,0,0,0,0,0
"College of Designand Eng","Industrial Systems Eng& Mgmt",MT5023,"Technology-Based EntrepreneurialStrategy",L1,80,45,45,0,0,0,0,0
"College of Designand Eng","Industrial Systems Eng& Mgmt",MT5024,"Maximising Innovation Value throughPatent Analytics",L1,70,19,19,0,0,0,0,0
"College of Designand Eng","Industrial Systems Eng& Mgmt",MT5026,Experiential Learning: Applied Project,L1,40,7,7,0,0,0,0,0
"College of Designand Eng","Industrial Systems Eng& Mgmt",MT5027,"Embracing the future:Entrepreneurship in EmergingTechnologies",L1,40,33,33,0,0,0,0,0
"College of Designand Eng","Industrial Systems Eng& Mgmt",MT5911,"Venture Capital Funding forTechVenture",L1,60,17,17,0,0,0,0,0
"College of Designand Eng","Industrial Systems Eng& Mgmt",MT5913,"TechLaunch - ExperientialEntrepreneurship",L1,31,2,2,0,0,0,0,0
"College of Designand Eng","Industrial Systems Eng& Mgmt",MT5920,Enterprise Development,L1,35,2,2,0,0,0,0,0
"College of Designand Eng","Industrial Systems Eng& Mgmt",MTM5005,"Intermodal Freight Transport andLogistics",L1,70,22,12,0,10,0,0,0
"Faculty of Arts &Social Sci",Chinese Studies,CH4203,Chinese Dialectology,E1,5,1,1,0,0,0,0,0
"Faculty of Arts &Social Sci",Chinese Studies,CH4262,"Transregional Chinese LiteraryConnections",E1,5,2,2,0,0,0,0,0
"Faculty of Arts &Social Sci",Chinese Studies,CH5213,"Cognitive Linguistics & ChineseLanguage",E1,25,8,8,0,0,0,0,0
"Faculty of Arts &Social Sci",Chinese Studies,CH5223,SELECTED AUTHORS,E1,25,5,5,0,0,0,0,0
"Faculty of Arts &Social Sci",Chinese Studies,CH5247,Business Culture in Traditional China,E1,25,4,4,1,0,0,0,0
"Faculty of Arts &Social Sci",Chinese Studies,CH6227,"CULTURE AND SOCIETYTHROUGH LITERATURE",E1,30,11,11,0,0,0,0,0
"Faculty of Arts &Social Sci",Chinese Studies,CH6243,"SEMINAR IN SE ASIAN CHINESESTUDIES",E1,30,3,3,0,0,0,0,0
"Course HostFaculty/School","Course HostDepartment","CourseCode",Course Title,"CourseClass",Vacancy,Demand,"SuccessfulAllocations",Unsuccessful Allocations due to:,,,,
"",,,,,,,"MainList","ReserveList","QuotaExceeded","TimetableClashes","WorkloadExceeded",Others
"Faculty of Arts &Social Sci",Chinese Studies,CH6263,"TRANSLATION: FORMAL,CULTURAL, POLITICAL",E1,30,1,1,0,0,0,0,0
"Faculty of Arts &Social Sci",Chinese Studies,CHC5102,"Contemporary Research in ChineseLanguage",E1,28,14,14,1,0,0,0,0
"Faculty of Arts &Social Sci",Chinese Studies,CHC5102,"Contemporary Research in ChineseLanguage",E2,28,33,28,0,5,0,0,0
"Faculty of Arts &Social Sci",Chinese Studies,CHC5102,"Contemporary Research in ChineseLanguage",E3,28,29,28,0,1,0,0,0
"Faculty of Arts &Social Sci",Chinese Studies,CHC5102,"Contemporary Research in ChineseLanguage",E4,27,31,27,0,4,0,0,0
"Faculty of Arts &Social Sci",Chinese Studies,CHC5302,"Chinese Buddhist ProselyticLiterature",E1,21,11,11,0,0,0,0,0
"Faculty of Arts &Social Sci",Chinese Studies,CHC5303,"Traditional Chinese Culture inSingapore and Malaysia",L1,21,16,16,2,0,0,0,0
"Faculty of Arts &Social Sci",Chinese Studies,CHC5305,"Prominent Nanyang Chinese inModern China",L1,21,19,19,1,0,0,0,0
"Faculty of Arts &Social Sci",Chinese Studies,CHC5307,Major Themes in Chinese History,E1,21,9,9,1,0,0,0,0
"Faculty of Arts &Social Sci",Chinese Studies,CHC5310,Chinese Rhapsody,E1,21,38,21,0,17,0,0,0
"Faculty of Arts &Social Sci",Chinese Studies,CHC5314,Chinese Religion,E1,21,13,13,1,0,0,0,0
"Faculty of Arts &Social Sci",Chinese Studies,CHC5316,"Print Culture & Chinese Literature:From Ming to Modern",E1,21,22,21,0,1,0,0,0
"Faculty of Arts &Social Sci",Chinese Studies,CHC5326,"Comparative Grammar betweenChinese and English",E1,21,10,10,1,0,0,0,0
"Faculty of Arts &Social Sci",Chinese Studies,CHC5333,Epidemics and Chinese Medicine,E1,21,24,21,0,3,0,0,0
"Faculty of Arts &Social Sci",Chinese Studies,CHC5336,"The Military in Chinese History andCulture",E1,21,14,14,2,0,0,0,0
"Faculty of Arts &Social Sci",Chinese Studies,CHC5337,"Classical Chinese Landscape Poetryand Painting",E1,21,39,21,0,18,0,0,0
"Faculty of Arts &Social Sci",Chinese Studies,CHC5338,"Chinese Maritime Exploration andCultural Exchange",E1,21,28,21,0,7,0,0,0
"Course HostFaculty/School","Course HostDepartment","CourseCode",Course Title,"CourseClass",Vacancy,Demand,"SuccessfulAllocations",Unsuccessful Allocations due to:,,,,
"",,,,,,,"MainList","ReserveList","QuotaExceeded","TimetableClashes","WorkloadExceeded",Others
"Faculty of Arts &Social Sci",Chinese Studies,CHC5340,"Chinese Temples and Associations inSoutheast Asia",E1,21,4,4,0,0,0,0,0
"Faculty of Arts &Social Sci",Chinese Studies,CHC5341,"Cultural Cold War in Asia: Print, Filmand Music",E1,21,24,21,0,3,0,0,0
"Faculty of Arts &Social Sci",Chinese Studies,CHC5342,"Topics in SE Asian ChineseLiterature and Film",E1,21,26,21,0,5,0,0,0
"Faculty of Arts &Social Sci",Chinese Studies,CHC5345,"Sociocultural History of Middle PeriodChina",E1,21,4,4,2,0,0,0,0
"Faculty of Arts &Social Sci",Chinese Studies,CHC5347,"Contemporary Chinese Governanceand Development",E1,21,28,21,0,7,0,0,0
"Faculty of Arts &Social Sci","Communications &New Media",ACE5401,"Approaches to Arts & CulturalEntrepreneurship",E1,29,1,1,0,0,0,0,0
"Faculty of Arts &Social Sci","Communications &New Media",ACE5407,"Museums, Exhibitions and theCuratorial",E1,50,48,48,2,0,0,0,0
"Faculty of Arts &Social Sci","Communications &New Media",ACE5408,Managing Cultural Events,E1,50,14,14,3,0,0,0,0
"Faculty of Arts &Social Sci","Communications &New Media",ACE5409,Applied Arts Research and Practice,L1,50,44,44,0,0,0,0,0
"Faculty of Arts &Social Sci","Communications &New Media",ACE5410,Cultural Diplomacy and Intelligence,E1,48,67,48,0,6,0,0,13
"Faculty of Arts &Social Sci","Communications &New Media",ACE5411,Cultural Analytics and Informatics,E1,47,33,33,0,0,0,0,0
"Faculty of Arts &Social Sci","Communications &New Media",ACE5413,"Consulting as an AdvancedCommunication & Career Skill",E1,50,57,0,0,0,0,0,57
"Faculty of Arts &Social Sci","Communications &New Media",NMC5301,Strategic and Global Communication,E1,50,6,6,0,0,0,0,0
"Faculty of Arts &Social Sci","Communications &New Media",NMC5302,Digital Communications and Analytics,E1,50,8,8,0,0,0,0,0
"Faculty of Arts &Social Sci","Communications &New Media",NMC5306,Communications and Leadership,E1,50,25,25,0,0,0,0,0
"Faculty of Arts &Social Sci","Communications &New Media",NMC5306,Communications and Leadership,E2,0,1,0,0,0,0,0,1
"Faculty of Arts &Social Sci","Communications &New Media",NMC5307,Final Year Project in Communication,E1,50,37,37,0,0,0,0,0
"Course HostFaculty/School","Course HostDepartment","CourseCode",Course Title,"CourseClass",Vacancy,Demand,"SuccessfulAllocations",Unsuccessful Allocations due to:,,,,
"",,,,,,,"MainList","ReserveList","QuotaExceeded","TimetableClashes","WorkloadExceeded",Others
"Faculty of Arts &Social Sci","Communications &New Media",NMC5323,"Crisis Communications andLeadership",E1,49,62,49,0,13,0,0,0
"Faculty of Arts &Social Sci","Communications &New Media",NMC5325,Managing Organisational Reputation,E1,50,76,50,0,26,0,0,0
"Faculty of Arts &Social Sci","Communications &New Media",NMC5341,Visualising Data,E1,49,64,49,0,15,0,0,0
"Faculty of Arts &Social Sci","Communications &New Media",NMC5343,Introduction to Audience Analytics,E1,50,61,50,0,11,0,0,0
"Faculty of Arts &Social Sci","Communications &New Media",NMC5362,Media in Asia,E1,49,53,45,1,0,0,0,8
"Faculty of Arts &Social Sci","Communications &New Media",NMC5368,"Media, Policy, and Markets",E1,50,35,23,0,0,0,0,12
"Faculty of Arts &Social Sci","English,Ling.&TheatreStudies",EL5102,Phonetics and Phonology,E1,40,33,33,0,0,0,0,0
"Faculty of Arts &Social Sci","English,Ling.&TheatreStudies",EL5103,Language in Society,E1,40,28,28,0,0,0,0,0
"Faculty of Arts &Social Sci","English,Ling.&TheatreStudies",EL6882,"TOPICS IN LANGUAGE ANDSOCIETY",E1,1,1,1,0,0,0,0,0
"Faculty of Arts &Social Sci","English,Ling.&TheatreStudies",ELC5216,Corpus Linguistics,E1,22,28,22,0,2,0,0,4
"Faculty of Arts &Social Sci","English,Ling.&TheatreStudies",ELC5251,Approaches to Discourse,E1,40,26,24,0,0,0,0,2
"Faculty of Arts &Social Sci","English,Ling.&TheatreStudies",ELC5252,Language Variation and Change,E1,40,31,26,0,0,0,0,5
"Faculty of Arts &Social Sci","English,Ling.&TheatreStudies",EN6770,Graduate Research Seminar,E1,20,3,3,0,0,0,0,0
"Faculty of Arts &Social Sci","English,Ling.&TheatreStudies",ENC5238,Twentieth Century Literature,E1,40,12,12,0,0,0,0,0
"Faculty of Arts &Social Sci","English,Ling.&TheatreStudies",ENC5242,Women Novelists,E1,40,15,15,0,0,0,0,0
"Faculty of Arts &Social Sci","English,Ling.&TheatreStudies",ENC5244,"Shakespeare in Culture and the NewMillennium",E1,40,8,8,0,0,0,0,0
"Faculty of Arts &Social Sci","English,Ling.&TheatreStudies",ENC5253,Writing in the Aftermath,E1,40,12,12,0,0,0,0,0
"Course HostFaculty/School","Course HostDepartment","CourseCode",Course Title,"CourseClass",Vacancy,Demand,"SuccessfulAllocations",Unsuccessful Allocations due to:,,,,
"",,,,,,,"MainList","ReserveList","QuotaExceeded","TimetableClashes","WorkloadExceeded",Others
"Faculty of Arts &Social Sci","English,Ling.&TheatreStudies",ENC5880A,Literature and the Environment,E1,40,7,7,0,0,0,0,0
"Faculty of Arts &Social Sci","English,Ling.&TheatreStudies",TS5212,ASIAN INTERNATIONAL CINEMA,E1,17,1,1,0,0,0,0,0
"Faculty of Arts &Social Sci","English,Ling.&TheatreStudies",TS6770,Graduate Research Seminar,E1,20,1,1,0,0,0,0,0
"Faculty of Arts &Social Sci",Geography,GE4214,Remote Sensing of Environment,E1,5,10,5,0,5,0,0,0
"Faculty of Arts &Social Sci",Geography,GE5211,Dynamic Environments,L1,11,5,5,0,0,0,0,0
"Faculty of Arts &Social Sci",Geography,GE5218,"RESEARCH METHODS IN HUMANGEOGRAPHY",L1,12,14,12,0,2,0,0,0
"Faculty of Arts &Social Sci",Geography,GE5225,Thesis Planning and Implementation,L1,20,17,17,0,0,0,0,0
"Faculty of Arts &Social Sci",Geography,GE5227,Internet GIS,L1,45,19,19,0,0,0,0,0
"Faculty of Arts &Social Sci",Geography,GE5228,Spatial Big Data and Analytics,L1,47,17,17,0,0,0,0,0
"Faculty of Arts &Social Sci",Geography,GE6211,Spatial Data Science,L1,45,28,28,0,0,0,0,0
"Faculty of Arts &Social Sci",History,HY5207,"APPROACHES TO AMERICANHISTORY",E1,28,5,4,0,0,0,0,1
"Faculty of Arts &Social Sci",History,HY5303,"PROBLEMS IN CULTURALHISTORY",E1,28,8,8,0,0,0,0,0
"Faculty of Arts &Social Sci",History,HY5402,Reconsidering the Cold War,E1,28,3,3,0,0,0,0,0
"Faculty of Arts &Social Sci",History,HY5403,Interpreters of Southeast Asian Pasts,E1,28,7,7,0,0,0,0,0
"Faculty of Arts &Social Sci",History,HY5406,Archives and Knowledge of the Past,E1,23,2,2,0,0,0,0,0
"Faculty of Arts &Social Sci",History,HY5409,"Museums and Museology: CriticalPerspectives",E1,23,3,3,0,0,0,0,0
"Faculty of Arts &Social Sci",History,HY5412,Studying Singaporean History,E1,28,8,8,0,0,0,0,0
"Course HostFaculty/School","Course HostDepartment","CourseCode",Course Title,"CourseClass",Vacancy,Demand,"SuccessfulAllocations",Unsuccessful Allocations due to:,,,,
"",,,,,,,"MainList","ReserveList","QuotaExceeded","TimetableClashes","WorkloadExceeded",Others
"Faculty of Arts &Social Sci",History,HY5415,"Theatres of Memory: PerformingPublic History",E1,23,4,4,0,0,0,0,0
"Faculty of Arts &Social Sci",History,HY5417,"Contested Sites: Built Heritage andHistorical Memory",E1,23,1,1,0,0,0,0,0
"Faculty of Arts &Social Sci",History,HY6101,"HISTORIOGRAPHY: THEORY &ARCHIVE",E1,28,2,2,0,0,0,0,0
"Faculty of Arts &Social Sci",History,HY6770,GRADUATE RESEARCH SEMINAR,E1,23,8,8,0,0,0,0,0
"Faculty of Arts &Social Sci",Japanese Studies,JS5203,"JAPANESE LITERARY &PERFORMANCE STUDIES",E1,5,1,1,0,0,0,0,0
"Faculty of Arts &Social Sci",Japanese Studies,JS6770,GRADUATE RESEARCH SEMINAR,E1,-,2,2,0,0,0,0,0
"Faculty of Arts &Social Sci",Malay Studies,MS5201,CRITIQUES IN MALAY STUDIES,E1,10,2,2,0,0,0,0,0
"Faculty of Arts &Social Sci",Malay Studies,MS6770,GRADUATE RESEARCH SEMINAR,E1,5,1,1,0,0,0,0,0
"Faculty of Arts &Social Sci",Philosophy,PH5423,"PHILOSOPHY OF SCIENCE ANDTECHNOLOGY",E1,8,1,1,0,0,0,0,0
"Faculty of Arts &Social Sci",Philosophy,PH5430,ETHICS,E1,10,1,1,0,0,0,0,0
"Faculty of Arts &Social Sci",Psychology,PL6889,"Selected Topics in EmotionPsychology",E1,10,2,2,0,0,0,0,0
"Faculty of Arts &Social Sci",Social Work,SWD5102,"SOCIAL WORK WITH GROUPSAND COMMUNITY",E1,50,30,30,0,0,0,0,0
"Faculty of Arts &Social Sci",Social Work,SWD5104,Human Development in Context,E1,50,30,30,0,0,0,0,0
"Faculty of Arts &Social Sci",Social Work,SWD5300,"Ethical Principles and Competency inSocial Work",E1,30,4,4,0,0,0,0,0
"Faculty of Arts &Social Sci","Sociology andAnthropology",SC5102,Quantitative Data Analysis,E1,25,6,6,0,0,0,0,0
"Faculty of Arts &Social Sci","Sociology andAnthropology",SC5205,Social Policy Analysis,E1,25,3,3,0,0,0,0,0
"Faculty of Arts &Social Sci","Sociology andAnthropology",SC5223,Social Networks,E1,25,3,3,0,0,0,0,0
"Course HostFaculty/School","Course HostDepartment","CourseCode",Course Title,"CourseClass",Vacancy,Demand,"SuccessfulAllocations",Unsuccessful Allocations due to:,,,,
"",,,,,,"MainList","ReserveList","QuotaExceeded","TimetableClashes","WorkloadExceeded",Others,
"Faculty of Arts &Social Sci","Sociology andAnthropology",SC6102,Sociological Theory,E1,25,6,6,0,0,0,0,0
"Faculty of Arts &Social Sci","Sociology andAnthropology",SC6212,Global Transformations,E1,25,3,3,0,0,0,0,0
"Faculty of Arts &Social Sci","Southeast AsianStudies",CAS6770,Graduate Research Seminar,E1,8,1,1,0,0,0,0,0
"Faculty of Arts &Social Sci","Southeast AsianStudies",SEA5203,Natural Disasters in Southeast Asia,E1,25,2,0,0,0,0,0,2
"Faculty of Arts &Social Sci","Southeast AsianStudies",SEA5211,Landscapes of Southeast Asia,E1,25,5,5,0,0,0,0,0
"Faculty of Arts &Social Sci","Southeast AsianStudies",SEA5223,Southeast Asia and Regionalism,E1,25,6,6,0,0,0,0,0
"Faculty of Arts &Social Sci","Southeast AsianStudies",SEA5224,Political Economy of Southeast Asia,E1,25,7,7,0,0,0,0,0
"Faculty of Arts &Social Sci","Southeast AsianStudies",SEA5232,Country Studies: Thailand,E1,24,6,6,0,0,0,0,0
"Faculty of Arts &Social Sci","Southeast AsianStudies",SEA5233,Country Studies: Indonesia,E1,25,5,5,0,0,0,0,0
"Faculty of Arts &Social Sci","Southeast AsianStudies",SEA5302B,Field Trip,S1,25,7,7,0,0,0,0,0
Faculty of Science,Biological Sciences,BL5102,Environmental Science,L1,50,24,24,0,0,0,0,0
Faculty of Science,Biological Sciences,BL5202A,"BIOPHYSICAL METHODS IN LIFESCIENCES",L1,79,37,37,0,0,0,0,0
Faculty of Science,Biological Sciences,BL5203,Molecular Interactions in Chromatin,L1,22,17,15,0,0,0,0,2
Faculty of Science,Biological Sciences,BL5210,Biogeography,L1,30,5,5,0,0,0,0,0
Faculty of Science,Biological Sciences,BL5213,PROTEIN DESIGN & ENGINEERING,L1,93,76,76,0,0,0,0,0
Faculty of Science,Biological Sciences,BL5216,"ADVANCED GENETICS ANDGENOME SCIENCES",L1,69,5,5,0,0,0,0,0
Faculty of Science,Biological Sciences,BL5218,"Directed Studies in BehaviouralEcology",L1,19,7,7,0,0,0,0,0
Faculty of Science,Biological Sciences,BL5220,"ADVANCED ANIMALDEVELOPMENT",L1,30,1,1,0,0,0,0,0
"Course HostFaculty/School","Course HostDepartment","CourseCode",Course Title,"CourseClass",Vacancy,Demand,"SuccessfulAllocations",Unsuccessful Allocations due to:,,,,
"",,,,,,"MainList","ReserveList","QuotaExceeded","TimetableClashes","WorkloadExceeded",Others,
Faculty of Science,Biological Sciences,BL5221,"PLANT AND MICROBIALDEVELOPMENT",L1,30,21,21,0,0,0,0,0
Faculty of Science,Biological Sciences,BL5224,"Signalling Mechanisms in Cancersand Metabolic Diseases",L1,41,39,38,0,0,0,0,1
Faculty of Science,Biological Sciences,BL5225,MARINE CONSERVATION,L1,30,14,14,0,0,0,0,0
Faculty of Science,Biological Sciences,BL5228,"Advances in Cell and MolecularBiology",L1,40,4,4,0,0,0,0,0
Faculty of Science,Biological Sciences,BL5232,Introduction to Bioimaging,L1,42,41,40,0,0,0,1,0
Faculty of Science,Biological Sciences,BL5233,"Data Analysis for ConservationBiology with R",L1,42,3,3,0,0,0,0,0
Faculty of Science,Biological Sciences,BL5238,Infectious Disease Modelling,L1,40,9,6,1,0,0,0,3
Faculty of Science,Biological Sciences,BL5302,Climate Change Solutions,L1,80,46,46,0,0,0,0,0
Faculty of Science,Biological Sciences,BL5312,"Natural History Collections andConservation",L1,20,22,20,0,2,0,0,0
Faculty of Science,Biological Sciences,BL5313,Food Security and Sustainability,L1,40,14,14,0,0,0,0,0
Faculty of Science,Biological Sciences,BL5323,"Spatial modelling for environmentalsustainability",L1,70,35,35,0,0,0,0,0
Faculty of Science,Biological Sciences,BL5331,"Conservation Governance andClimate Solutions",L1,70,28,28,0,0,0,0,0
Faculty of Science,Biological Sciences,BL5623,"Infectious Diseases and Host-Pathogen Interactions",L1,22,37,22,0,14,0,0,1
Faculty of Science,Biological Sciences,BL5632,Genomic Data Science in the Cloud,L1,42,36,36,0,0,0,0,0
Faculty of Science,Biological Sciences,BL5662,Biotechnology in Aquaculture,L1,50,20,20,0,0,0,0,0
Faculty of Science,Biological Sciences,FSC5202,Forensic Defense Science,L1,30,16,16,0,0,0,0,0
Faculty of Science,Biological Sciences,FSC5204,Forensic Psychiatry and Psychology,L1,30,14,14,0,0,0,0,0
Faculty of Science,Biological Sciences,FSC5205,Forensic Science in Major Cases,L1,30,14,14,0,0,0,0,0
Faculty of Science,Chemistry,CM5211,"Contemporary OrganometallicChemistry",L1,90,52,52,1,0,0,0,0
Faculty of Science,Chemistry,CM5223,Topics in Supramolecular Chemistry,L1,105,32,32,0,0,0,0,0
Faculty of Science,Chemistry,CM5225,Asymmetric Catalysis,L1,85,52,52,1,0,0,0,0
"Course HostFaculty/School","Course HostDepartment","CourseCode",Course Title,"CourseClass",Vacancy,Demand,"SuccessfulAllocations",Unsuccessful Allocations due to:,,,,
"",,,,,,"MainList","ReserveList","QuotaExceeded","TimetableClashes","WorkloadExceeded",Others,
Faculty of Science,Chemistry,CM5237,"Advanced Optical Spectroscopy andImaging",L1,70,27,27,2,0,0,0,0
Faculty of Science,Chemistry,CM5239,Cheminformatics,L1,68,84,66,0,18,0,0,0
Faculty of Science,Chemistry,CM5244,Advanced Environmental Chemistry,L1,145,85,85,0,0,0,0,0
Faculty of Science,"Food Science &Technology",FST5201,"RHEOLOGY AND TEXTURALPROPERTIES OF BIOMATERIALS",L1,52,23,23,1,0,0,0,0
Faculty of Science,"Food Science &Technology",FST5202A,Modern Food Fermentation,L1,104,83,83,0,0,0,0,0
Faculty of Science,"Food Science &Technology",FST5203A,"Advanced Food MicrobiologicalAnalysis and Food Safety",L1,104,87,87,0,0,0,0,0
Faculty of Science,"Food Science &Technology",FST5207,"Introduction to Advanced MeatAlternatives",L1,104,102,102,0,0,0,0,0
Faculty of Science,"Food Science &Technology",FST5303A,Science in Clinical Nutrition,L1,45,72,45,0,27,0,0,0
Faculty of Science,Mathematics,DSA5201,"DSML Industry Consulting andApplications Project",L1,70,22,22,0,0,0,0,0
Faculty of Science,Mathematics,DSA5202,"Advanced Topics in MachineLearning",L1,149,86,86,0,0,0,0,0
Faculty of Science,Mathematics,DSA5203,"Visual Data Processing andInterpretation",L1,149,72,72,1,0,0,0,0
Faculty of Science,Mathematics,DSA5204,Deep Learning and Applications,L1,149,107,107,0,0,0,0,0
Faculty of Science,Mathematics,DSA5206,Advanced Topics in Data Science,L1,149,95,95,0,0,0,0,0
Faculty of Science,Mathematics,MA3209,Metric and Topological Spaces,L1,3,4,3,0,1,0,0,0
Faculty of Science,Mathematics,MA3211,Complex Analysis I,L1,3,3,3,0,0,0,0,0
Faculty of Science,Mathematics,MA3233,Combinatorics and Graphs II,L1,2,2,2,0,0,0,0,0
Faculty of Science,Mathematics,MA3252,Linear and Network Optimisation,L1,5,2,2,0,0,0,0,0
Faculty of Science,Mathematics,MA4207,Mathematical Logic,L1,2,2,2,0,0,0,0,0
Faculty of Science,Mathematics,MA4221,Partial Differential Equations,L1,3,12,3,0,9,0,0,0
Faculty of Science,Mathematics,MA4229,Fourier Analysis and Approximation,L1,5,18,5,0,13,0,0,0
Faculty of Science,Mathematics,MA4251,Stochastic Processes II,L1,3,12,3,0,9,0,0,0
"Course HostFaculty/School","Course HostDepartment","CourseCode",Course Title,"CourseClass",Vacancy,Demand,"SuccessfulAllocations",Unsuccessful Allocations due to:,,,,
"",,,,,,,"MainList","ReserveList","QuotaExceeded","TimetableClashes","WorkloadExceeded",Others
Faculty of Science,Mathematics,MA4255,"Numerical Methods in DifferentialEquations",L1,5,14,5,0,9,0,0,0
Faculty of Science,Mathematics,MA4260,Stochastic Operations Research,L1,5,22,5,0,17,0,0,0
Faculty of Science,Mathematics,MA4263,"Introduction to Analytic NumberTheory",L1,2,6,2,0,4,0,0,0
Faculty of Science,Mathematics,MA4264,Game Theory,L1,5,19,5,0,14,0,0,0
Faculty of Science,Mathematics,MA4270,Data Modelling and Computation,L1,5,36,5,0,31,0,0,0
Faculty of Science,Mathematics,MA5198,"GRADUATE SEMINAR COURSE INMATHEMATICS",E1,50,10,10,0,0,0,0,0
Faculty of Science,Mathematics,MA5204,"Commutative and HomologicalAlgebra",L1,20,16,16,0,0,0,0,0
Faculty of Science,Mathematics,MA5206,Graduate Analysis II,L1,20,7,7,0,0,0,0,0
Faculty of Science,Mathematics,MA5209,Algebraic Topology,L1,20,17,17,0,0,0,0,0
Faculty of Science,Mathematics,MA5211,Lie Theory,L1,35,22,22,0,0,0,0,0
Faculty of Science,Mathematics,MA5232,Modeling and Numerical Simulations,L1,121,101,93,0,8,0,0,0
Faculty of Science,Mathematics,MA5248,"Stochastic Analysis in MathematicalFinance",L1,90,72,72,0,0,0,0,0
Faculty of Science,Mathematics,MA5250,Computational Fluid Dynamics,L1,-,16,16,0,0,0,0,0
Faculty of Science,Mathematics,MA5266,OPTIMIZATION,L1,85,78,78,0,0,0,0,0
Faculty of Science,Mathematics,MA5402,Graduate Internship in Mathematics II,L1,50,7,7,0,0,0,0,0
Faculty of Science,Mathematics,MA6206,TOPICS IN ANALYSIS II,L1,18,3,3,0,0,0,0,0
Faculty of Science,Mathematics,QF5202,Structured Products,L1,150,113,113,0,0,0,0,0
Faculty of Science,Mathematics,QF5203,Risk Management,L1,150,115,115,0,0,0,0,0
Faculty of Science,Mathematics,QF5203A,Risk Management,L1,50,2,2,0,0,0,0,0
Faculty of Science,Mathematics,QF5204,"Numerical Methods in QuantitativeFinance",L1,150,71,71,0,0,0,0,0
Faculty of Science,Mathematics,QF5208,AI and FinTech,L1,150,46,46,0,0,0,0,0
Faculty of Science,Mathematics,QF5211,"Monte Carlo Methods in QuantitativeFinance",L1,150,59,59,0,0,0,0,0
"Course HostFaculty/School","Course HostDepartment","CourseCode",Course Title,"CourseClass",Vacancy,Demand,"SuccessfulAllocations",Unsuccessful Allocations due to:,,,,
"",,,,,,,"MainList","ReserveList","QuotaExceeded","TimetableClashes","WorkloadExceeded",Others
Faculty of Science,Mathematics,QF5214,"Data Engineering for QuantitativeFinance",L1,150,79,79,0,0,0,0,0
Faculty of Science,Mathematics,QF5315,Selected Topics in FinTech,L1,50,1,1,0,0,0,0,0
Faculty of Science,Pharmacy,PR5198,"GRADUATE SEMINAR COURSE INPHARMACY",E1,73,52,52,0,0,0,0,0
Faculty of Science,Pharmacy,PR5216,ADVANCES IN DRUG DELIVERY,L1,72,38,38,0,0,0,0,0
Faculty of Science,Pharmacy,PR5218,"Methodologies in ProductDevelopment",L1,65,33,33,0,0,0,0,0
Faculty of Science,Pharmacy,PR5219,"Product Development & QualityManagement",L1,74,22,22,0,0,0,0,0
Faculty of Science,Pharmacy,PR5225,Preformulation Science,L1,73,14,14,0,0,0,0,0
Faculty of Science,Pharmacy,PR5304,"Fundamental Topics inPharmaceutical Science",L1,70,45,45,0,0,0,0,0
Faculty of Science,Physics,PC5198,"GRADUATE SEMINAR COURSE INPHYSICS",E1,30,16,16,0,0,0,0,0
Faculty of Science,Physics,PC5202,"ADVANCED STATISTICALMECHANICS",L1,30,14,14,0,0,0,0,0
Faculty of Science,Physics,PC5210,Advanced Dynamics,L1,45,16,16,0,0,0,0,0
Faculty of Science,Physics,PC5213,Advanced Biophysics,L1,30,29,29,0,0,0,0,0
Faculty of Science,Physics,PC5221,"Quantum Many-Body Physics: anInformational Perspective",L1,39,34,34,0,0,0,0,0
Faculty of Science,Physics,PC5233,"Functional Electronic Devices ofTomorrow",L1,20,47,20,0,27,0,0,0
Faculty of Science,Physics,PC5251,"Applied Machine Learning and DataScience",L1,75,63,63,0,0,0,0,0
Faculty of Science,Physics,PC5253,"Complex Systems Analysis andModelling",L1,46,52,46,0,6,0,0,0
Faculty of Science,Physics,PC5271,Physics of Sensors,L1,25,54,25,0,29,0,0,0
Faculty of Science,"Statistics and DataScience",ST5188,Statistical Research Project,L1,120,42,42,0,0,0,0,0
Faculty of Science,"Statistics and DataScience",ST5202,APPLIED REGRESSION ANALYSIS,L2,25,1,1,0,0,0,0,0
"Course HostFaculty/School","Course HostDepartment","CourseCode",Course Title,"CourseClass",Vacancy,Demand,"SuccessfulAllocations",Unsuccessful Allocations due to:,,,,
"",,,,,,,"MainList","ReserveList","QuotaExceeded","TimetableClashes","WorkloadExceeded",Others
Faculty of Science,"Statistics and DataScience",ST5202X,Applied Regression Analysis,L1,125,130,125,0,5,0,0,0
Faculty of Science,"Statistics and DataScience",ST5202X,Applied Regression Analysis,L2,125,71,71,0,0,0,0,0
Faculty of Science,"Statistics and DataScience",ST5207,Nonparametric Regression,L1,150,41,41,0,0,0,0,0
Faculty of Science,"Statistics and DataScience",ST5209,ANALYSIS OF TIME SERIES DATA,L2,5,1,1,0,0,0,0,0
Faculty of Science,"Statistics and DataScience",ST5209X,Analysis Of Time Series Data,L1,125,126,125,0,1,0,0,0
Faculty of Science,"Statistics and DataScience",ST5209X,Analysis Of Time Series Data,L2,125,72,72,0,0,0,0,0
Faculty of Science,"Statistics and DataScience",ST5212,SURVIVAL ANALYSIS,L1,150,103,103,0,0,0,0,0
Faculty of Science,"Statistics and DataScience",ST5218,"ADVANCED STATISTICALMETHODS IN FINANCE",L1,150,109,109,0,0,0,0,0
Faculty of Science,"Statistics and DataScience",ST5222,Advanced Topics in Applied Statistics,L1,30,10,10,0,0,0,0,0
Faculty of Science,"Statistics and DataScience",ST5223,"Statistical Models:Theory/Applications",L1,30,2,2,0,0,0,0,0
Faculty of Science,"Statistics and DataScience",ST5224,Advanced Statistical Theory II,L1,29,11,11,0,0,0,0,0
Faculty of Science,"Statistics and DataScience",ST5227,Applied Statistical Learning,L1,150,109,109,0,0,0,0,0
Faculty of Science,"Statistics and DataScience",ST5227,Applied Statistical Learning,L2,150,37,37,0,0,0,0,0
Faculty of Science,"Statistics and DataScience",ST5229,Deep Learning in Data Analytics,L1,150,80,80,0,0,0,0,0
Faculty of Science,"Statistics and DataScience",ST5229,Deep Learning in Data Analytics,L2,150,61,58,0,0,0,0,3
NUS,"Ctr for Engl LangComms",ES5000,"GRADUATE ENGLISH COURSE(BASIC LEVEL)",SG01,10,3,3,0,0,0,0,0
NUS,"Ctr for Engl LangComms",ES5000,"GRADUATE ENGLISH COURSE(BASIC LEVEL)",SG02,10,1,1,0,0,0,0,0
"Course HostFaculty/School","Course HostDepartment","CourseCode",Course Title,"CourseClass",Vacancy,Demand,"SuccessfulAllocations",Unsuccessful Allocations due to:,,,,
"",,,,,,,"MainList","ReserveList","QuotaExceeded","TimetableClashes","WorkloadExceeded",Others
NUS,"Ctr for Engl LangComms",ES5001A,"GRADUATE ENGLISH COURSE(INTERMEDIATE LEVEL)",SG01,10,4,4,0,0,0,0,0
NUS,"Ctr for Engl LangComms",ES5001A,"GRADUATE ENGLISH COURSE(INTERMEDIATE LEVEL)",SG02,10,3,3,0,0,0,0,0
NUS,"Ctr for Engl LangComms",ES5001A,"GRADUATE ENGLISH COURSE(INTERMEDIATE LEVEL)",SG03,10,7,7,0,0,0,0,0
NUS,"Ctr for Engl LangComms",ES5001A,"GRADUATE ENGLISH COURSE(INTERMEDIATE LEVEL)",SG04,10,1,1,0,0,0,0,0
NUS,"Ctr for Engl LangComms",ES5001A,"GRADUATE ENGLISH COURSE(INTERMEDIATE LEVEL)",SG05,10,1,1,0,0,0,0,0
NUS,"Ctr for Engl LangComms",ES5001A,"GRADUATE ENGLISH COURSE(INTERMEDIATE LEVEL)",SG06,10,2,2,0,0,0,0,0
NUS,"Ctr for Engl LangComms",ES5001A,"GRADUATE ENGLISH COURSE(INTERMEDIATE LEVEL)",SG07,10,5,5,0,0,0,0,0
NUS,"Ctr for Engl LangComms",ES5001A,"GRADUATE ENGLISH COURSE(INTERMEDIATE LEVEL)",SG08,10,6,6,0,0,0,0,0
NUS,"Ctr for Engl LangComms",ES5001A,"GRADUATE ENGLISH COURSE(INTERMEDIATE LEVEL)",SG09,10,8,8,0,0,0,0,0
NUS,"Ctr for Engl LangComms",ES5001A,"GRADUATE ENGLISH COURSE(INTERMEDIATE LEVEL)",SG10,10,2,2,0,0,0,0,0
NUS,"Ctr for Engl LangComms",ES5001A,"GRADUATE ENGLISH COURSE(INTERMEDIATE LEVEL)",SG12,11,11,11,0,0,0,0,0
NUS,"Ctr for Engl LangComms",ES5001A,"GRADUATE ENGLISH COURSE(INTERMEDIATE LEVEL)",SG13,10,5,5,0,0,0,0,0
NUS,"Ctr for Engl LangComms",ES5001A,"GRADUATE ENGLISH COURSE(INTERMEDIATE LEVEL)",SG14,10,1,1,0,0,0,0,0
NUS,"Ctr for Engl LangComms",ES5001A,"GRADUATE ENGLISH COURSE(INTERMEDIATE LEVEL)",SG15,10,2,2,0,0,0,0,0
NUS,"Ctr for Engl LangComms",ES5001A,"GRADUATE ENGLISH COURSE(INTERMEDIATE LEVEL)",SG16,10,8,8,0,0,0,0,0
NUS,"Ctr for Engl LangComms",ES5001A,"GRADUATE ENGLISH COURSE(INTERMEDIATE LEVEL)",SG17,10,4,4,0,0,0,0,0
NUS,"Ctr for Engl LangComms",ES5001A,"GRADUATE ENGLISH COURSE(INTERMEDIATE LEVEL)",SG18,10,5,5,0,0,0,0,0
"Course HostFaculty/School","Course HostDepartment","CourseCode",Course Title,"CourseClass",Vacancy,Demand,"SuccessfulAllocations",Unsuccessful Allocations due to:,,,,
"",,,,,,,"MainList","ReserveList","QuotaExceeded","TimetableClashes","WorkloadExceeded",Others
NUS,"Ctr for Engl LangComms",ES5001A,"GRADUATE ENGLISH COURSE(INTERMEDIATE LEVEL)",SG19,10,1,1,0,0,0,0,0
NUS,"Ctr for Engl LangComms",ES5001A,"GRADUATE ENGLISH COURSE(INTERMEDIATE LEVEL)",SG21,10,3,3,0,0,0,0,0
NUS,"Ctr for Engl LangComms",ES5001A,"GRADUATE ENGLISH COURSE(INTERMEDIATE LEVEL)",SP01,10,3,3,0,0,0,0,0
NUS,"Ctr for Engl LangComms",ES5001A,"GRADUATE ENGLISH COURSE(INTERMEDIATE LEVEL)",SP02,10,4,4,0,0,0,0,0
NUS,"NUS EnterpriseAcademy",ETP5311,GRIP Venture Creation Practicum,L511,2,35,0,0,0,0,0,35
NUS,"NUS EnterpriseAcademy",ETP5331,"Intellectual Property Basics forEntrepreneurs",L511,75,24,24,0,0,0,0,0
NUS,"NUS EnterpriseAcademy",ETP5341,New Venture Finance,L511,35,23,23,1,0,0,0,0
"NUS BusinessSchool","Analytics andOperations",DBA5104,"Introduction to Network Science &Analytics",S01,60,42,42,0,0,0,0,0
"NUS BusinessSchool","Analytics andOperations",DOS4811,Data Visualisation,SA1,5,1,1,0,0,0,0,0
"NUS BusinessSchool","Analytics andOperations",DOS4811,Data Visualisation,SA2,10,7,7,0,0,0,0,0
"NUS BusinessSchool","Analytics andOperations",DOS5101,"Supply Chain Coordination and RiskManagement",S01,3,8,3,0,5,0,0,0
"NUS BusinessSchool","Analytics andOperations",DOS5101A,Managing the Financial Supply Chain,S01,40,24,24,0,0,0,0,0
"NUS BusinessSchool","Analytics andOperations",DOS5102,Analytical Tools for Consulting,S01,25,9,9,3,0,0,0,0
"NUS BusinessSchool","Analytics andOperations",DOS5103,Global Supply Chain Management,S01,21,34,21,0,13,0,0,0
"NUS BusinessSchool","Analytics andOperations",DOS5104,Sustainable Supply Chains,S01,25,31,25,0,6,0,0,0
"NUS BusinessSchool","Analytics andOperations",IND5001,"Introduction to Industry 4.0 andApplications",L1,65,1,1,0,0,0,0,0
"NUS BusinessSchool","Analytics andOperations",IND5021,Managing the Digital Supply Chain,LS01,40,24,24,0,0,0,0,0
"Course HostFaculty/School","Course HostDepartment","CourseCode",Course Title,"CourseClass",Vacancy,Demand,"SuccessfulAllocations",Unsuccessful Allocations due to:,,,,
"",,,,,,,"MainList","ReserveList","QuotaExceeded","TimetableClashes","WorkloadExceeded",Others
"NUS BusinessSchool",BIZ Dean's Office,BMG5201,"Impact Assessment and ImpactInvesting",S01,32,27,27,1,0,0,0,0
"NUS BusinessSchool",BIZ Dean's Office,BMG5202,Sustainable and Green Investment,S01,32,42,32,0,10,0,0,0
"NUS BusinessSchool",BIZ Dean's Office,BMG5203,Sustainability Risk Management,S01,32,31,31,1,0,0,0,0
"NUS BusinessSchool",BIZ Dean's Office,BMG5205,"Carbon Accounting and SustainabilityReporting",S01,31,34,31,0,3,0,0,0
"NUS BusinessSchool",BIZ Dean's Office,BMG5206,Sustainability in Supply Chain,S01,32,10,10,0,0,0,0,0
"NUS BusinessSchool",BIZ Dean's Office,BMK5201,Customer Relationship Management,S01,50,72,50,0,22,0,0,0
"NUS BusinessSchool",BIZ Dean's Office,BMK5202,"Python Programming for BusinessAnalytics",S01,50,19,18,4,0,0,1,0
"NUS BusinessSchool",BIZ Dean's Office,BMK5206A,"Personal Selling & SalesManagement",S01,50,31,30,1,0,0,1,0
"NUS BusinessSchool",BIZ Dean's Office,BMK5207,AI in Marketing,S01,45,41,41,1,0,0,0,0
"NUS BusinessSchool",BIZ Dean's Office,BMK5207,AI in Marketing,S02,45,25,25,0,0,0,0,0
"NUS BusinessSchool",BIZ Dean's Office,BMS5121S,"DIGITAL TRANSFORMATION &STRATEGY",S01,55,96,55,0,41,0,0,0
"NUS BusinessSchool",BIZ Dean's Office,BMS5124S,Entrepreneurial Management,S01,50,80,50,0,30,0,0,0
"NUS GraduateSchool","Ctr for QuantumTechnologies",QT5198,"GRADUATE SEMINAR INQUANTUM INFORMATION",L1,25,6,6,0,0,0,0,0
"NUS GraduateSchool",NUSGS Dean's Office,NG5001,"Academic Communication forGraduate Researchers",SG1B,24,9,9,0,0,0,0,0
"NUS GraduateSchool",NUSGS Dean's Office,NG5001,"Academic Communication forGraduate Researchers",SG1C,22,27,11,0,16,0,0,0
"NUS GraduateSchool",NUSGS Dean's Office,NG5001,"Academic Communication forGraduate Researchers",SG2A,24,14,14,0,0,0,0,0
"NUS GraduateSchool",NUSGS Dean's Office,NG5001,"Academic Communication forGraduate Researchers",SG2B,24,1,1,0,0,0,0,0
"Course HostFaculty/School","Course HostDepartment","CourseCode",Course Title,"CourseClass",Vacancy,Demand,"SuccessfulAllocations",Unsuccessful Allocations due to:,,,,
"",,,,,,,"MainList","ReserveList","QuotaExceeded","TimetableClashes","WorkloadExceeded",Others
"NUS GraduateSchool",NUSGS Dean's Office,NG5001,"Academic Communication forGraduate Researchers",SG2C,22,36,20,0,16,0,0,0
"NUS GraduateSchool",NUSGS Dean's Office,NG5001,"Academic Communication forGraduate Researchers",SG2D,24,3,2,0,0,0,0,1
"NUS GraduateSchool",NUSGS Dean's Office,NG5001,"Academic Communication forGraduate Researchers",SG3A,18,19,15,0,0,0,0,4
"NUS GraduateSchool",NUSGS Dean's Office,NG5001,"Academic Communication forGraduate Researchers",SG3C,18,16,16,2,0,0,0,0
"NUS GraduateSchool",NUSGS Dean's Office,NG5001,"Academic Communication forGraduate Researchers",SG3D,24,6,5,0,0,0,0,1
"NUS GraduateSchool",NUSGS Dean's Office,NG5001,"Academic Communication forGraduate Researchers",SG4A,18,8,8,0,0,0,0,0
"NUS GraduateSchool",NUSGS Dean's Office,NG5001,"Academic Communication forGraduate Researchers",SG4B,18,9,9,1,0,0,0,0
"NUS GraduateSchool",NUSGS Dean's Office,NG5001,"Academic Communication forGraduate Researchers",SG4C,24,3,2,0,0,0,0,1
"NUS GraduateSchool",NUSGS Dean's Office,NG5001,"Academic Communication forGraduate Researchers",SG4D,24,25,24,0,1,0,0,0
"NUS GraduateSchool",NUSGS Dean's Office,NG5001,"Academic Communication forGraduate Researchers",SG5A,18,13,13,0,0,0,0,0
"NUS GraduateSchool",NUSGS Dean's Office,NG5001,"Academic Communication forGraduate Researchers",SG5B,18,9,9,0,0,0,0,0
"NUS GraduateSchool",NUSGS Dean's Office,NG5001,"Academic Communication forGraduate Researchers",SG5C,24,27,24,0,3,0,0,0
"NUS GraduateSchool",NUSGS Dean's Office,NG5001,"Academic Communication forGraduate Researchers",SG5D,24,4,3,0,0,0,0,1
"NUS GraduateSchool",NUSGS Dean's Office,NG5001,"Academic Communication forGraduate Researchers",SG6A,24,13,11,0,2,0,0,0
"NUS GraduateSchool",NUSGS Dean's Office,NG5001,"Academic Communication forGraduate Researchers",SG6B,24,22,22,0,0,0,0,0
"NUS GraduateSchool",NUSGS Dean's Office,NG5001,"Academic Communication forGraduate Researchers",SG6C,24,8,7,0,0,0,0,1
"SSH School ofPublic Health","SSH School of PublicHealth DO",SPH5101,Advanced Quantitative Methods I,L1,19,1,1,0,0,0,0,0
"Course HostFaculty/School","Course HostDepartment","CourseCode",Course Title,"CourseClass",Vacancy,Demand,"SuccessfulAllocations",Unsuccessful Allocations due to:,,,,
"",,,,,,,"MainList","ReserveList","QuotaExceeded","TimetableClashes","WorkloadExceeded",Others
"SSH School ofPublic Health","SSH School of PublicHealth DO",SPH5102,"Design, Conduct and Analysis ofClinical Trials",L1,34,14,14,0,0,0,0,0
"SSH School ofPublic Health","SSH School of PublicHealth DO",SPH5103,"Collection, Management & Analysisof Quantitative Data",L1,40,12,12,0,0,0,0,0
"SSH School ofPublic Health","SSH School of PublicHealth DO",SPH5104,Analytics for Better Health,L1,37,4,4,0,0,0,0,0
"SSH School ofPublic Health","SSH School of PublicHealth DO",SPH5201,Control of Communicable Diseases,L1,30,16,16,0,0,0,0,0
"SSH School ofPublic Health","SSH School of PublicHealth DO",SPH5202,"Control of Non-CommunicableDiseases",L1,25,13,13,0,0,0,0,0
"SSH School ofPublic Health","SSH School of PublicHealth DO",SPH5203,Advanced Epidemiology I,L1,16,12,11,0,0,0,0,1
"SSH School ofPublic Health","SSH School of PublicHealth DO",SPH5205,Urban Outbreak Management,L1,29,5,5,0,0,0,0,0
"SSH School ofPublic Health","SSH School of PublicHealth DO",SPH5311,Workplace Safety and Health,L1,9,3,3,0,0,0,0,0
"SSH School ofPublic Health","SSH School of PublicHealth DO",SPH5312,"Assessment and Control ofOccupational Hazards",L1,30,1,1,0,0,0,0,0
"SSH School ofPublic Health","SSH School of PublicHealth DO",SPH5314,"Enterprise Occupational HealthPractice",L1,30,2,2,0,0,0,0,0
"SSH School ofPublic Health","SSH School of PublicHealth DO",SPH5315,Public Health at the Workplace,L1,30,7,0,0,0,0,0,7
"SSH School ofPublic Health","SSH School of PublicHealth DO",SPH5401,Health Economics and Financing,L1,30,18,17,0,0,0,0,1
"SSH School ofPublic Health","SSH School of PublicHealth DO",SPH5404,"Measuring and Managing Quality ofCare",L1,33,5,5,0,0,0,0,0
"SSH School ofPublic Health","SSH School of PublicHealth DO",SPH5405,"Introduction to Health ServicesResearch",L1,30,9,9,0,0,0,0,0
"SSH School ofPublic Health","SSH School of PublicHealth DO",SPH5407,Programme Evaluation,L1,36,21,21,0,0,0,0,0
"SSH School ofPublic Health","SSH School of PublicHealth DO",SPH5409,Qualitative Methods in Public Health,L1,35,17,17,0,0,0,0,0
"SSH School ofPublic Health","SSH School of PublicHealth DO",SPH5410,"Developing health proposals usingDIME skills & tools",L1,30,20,20,0,0,0,0,0
"Course HostFaculty/School","Course HostDepartment","CourseCode",Course Title,"CourseClass",Vacancy,Demand,"SuccessfulAllocations",Unsuccessful Allocations due to:,,,,
"",,,,,,,"MainList","ReserveList","QuotaExceeded","TimetableClashes","WorkloadExceeded",Others
"SSH School ofPublic Health","SSH School of PublicHealth DO",SPH5411,Information Technology in Healthcare,L1,27,14,14,0,0,0,0,0
"SSH School ofPublic Health","SSH School of PublicHealth DO",SPH5412,"Economic Methods in HealthTechnology Assessment",L1,25,7,7,0,0,0,0,0
"SSH School ofPublic Health","SSH School of PublicHealth DO",SPH5413,"Women's, Children's andAdolescents' Health",L1,29,12,12,0,0,0,0,0
"SSH School ofPublic Health","SSH School of PublicHealth DO",SPH5418,"Public Health Policy: A SystemsApproach",L1,40,16,16,0,0,0,0,0
"SSH School ofPublic Health","SSH School of PublicHealth DO",SPH5421,Modelling Techniques in HTA,L1,30,9,9,0,0,0,0,0
"SSH School ofPublic Health","SSH School of PublicHealth DO",SPH5422,Applied Health Econometrics for HTA,L1,30,2,2,0,0,0,0,0
"SSH School ofPublic Health","SSH School of PublicHealth DO",SPH5423,"Simulation for Health TechnologyAssessment",L1,25,9,8,0,0,0,0,1
"SSH School ofPublic Health","SSH School of PublicHealth DO",SPH6001,Advanced Epidemiology II,L1,20,9,9,0,0,0,0,0
"SSH School ofPublic Health","SSH School of PublicHealth DO",SPH6002,Advanced Quantitative Methods II,L1,19,1,1,0,0,0,0,0
"SSH School ofPublic Health","SSH School of PublicHealth DO",SPH6004,Advanced Statistical Learning,L1,29,8,8,0,0,0,0,0
"SSH School ofPublic Health","SSH School of PublicHealth DO",SPH6007,Health Systems and Policy Analysis,L1,29,17,17,0,0,0,0,0
"SSH School ofPublic Health","SSH School of PublicHealth DO",SPH6008,"Applying Social Theory in PublicHealth Research",L1,30,5,5,0,0,0,0,0
"School ofComputing",Computer Science,CS4215,"Programming LanguageImplementation",L1,5,4,4,0,0,0,0,0
"School ofComputing",Computer Science,CS4218,Software Testing,L1,3,8,3,0,5,0,0,0
"School ofComputing",Computer Science,CS4220,"Knowledge Discovery Methods inBioinformatics",L1,2,2,2,0,0,0,0,0
"School ofComputing",Computer Science,CS4231,Parallel and Distributed Algorithms,L1,3,5,3,0,2,0,0,0
"School ofComputing",Computer Science,CS4238,Computer Security Practice,L1,3,15,3,0,12,0,0,0
"Course HostFaculty/School","Course HostDepartment","CourseCode",Course Title,"CourseClass",Vacancy,Demand,"SuccessfulAllocations",Unsuccessful Allocations due to:,,,,
"",,,,,,,"MainList","ReserveList","QuotaExceeded","TimetableClashes","WorkloadExceeded",Others
"School ofComputing",Computer Science,CS4240,"Interaction Design for Virtual andAugmented Reality",L1,3,4,3,0,1,0,0,0
"School ofComputing",Computer Science,CS4242,Social Media Computing,L1,3,8,3,0,5,0,0,0
"School ofComputing",Computer Science,CS4243,"Computer Vision and PatternRecognition",L1,3,9,3,0,6,0,0,0
"School ofComputing",Computer Science,CS4247,Graphics Rendering Techniques,L1,3,2,2,0,0,0,0,0
"School ofComputing",Computer Science,CS4248,Natural Language Processing,L1,2,28,2,0,25,0,0,1
"School ofComputing",Computer Science,CS4248,Natural Language Processing,L2,73,82,56,0,25,0,1,0
"School ofComputing",Computer Science,CS4249,"Phenomena and Theories of Human-Computer Interaction",L1,3,17,3,0,14,0,0,0
"School ofComputing",Computer Science,CS4268,Quantum Computing,L1,2,3,2,0,1,0,0,0
"School ofComputing",Computer Science,CS4330,"Combinatorial Methods inBioinformatics",L1,3,1,1,0,0,0,0,0
"School ofComputing",Computer Science,CS5218,"Principles and Practice of ProgramAnalysis",L1,30,30,30,0,0,0,0,0
"School ofComputing",Computer Science,CS5222,Advanced Computer Architecture,L1,21,8,8,0,0,0,0,0
"School ofComputing",Computer Science,CS5223,Distributed Systems,L1,75,80,70,0,7,0,0,3
"School ofComputing",Computer Science,CS5224,Cloud Computing,L1,50,65,45,0,20,0,0,0
"School ofComputing",Computer Science,CS5228,"Knowledge Discovery and DataMining",L1,60,50,50,1,0,0,0,0
"School ofComputing",Computer Science,CS5230,Computational Complexity,L1,21,4,4,0,0,0,0,0
"School ofComputing",Computer Science,CS5232,"Formal Specification and DesignTechniques",L1,53,15,15,1,0,0,0,0
"School ofComputing",Computer Science,CS5233,Simulation and Modelling Techniques,L1,30,40,30,0,10,0,0,0
"Course HostFaculty/School","Course HostDepartment","CourseCode",Course Title,"CourseClass",Vacancy,Demand,"SuccessfulAllocations",Unsuccessful Allocations due to:,,,,
"",,,,,,,"MainList","ReserveList","QuotaExceeded","TimetableClashes","WorkloadExceeded",Others
"School ofComputing",Computer Science,CS5242,Neural Networks and Deep Learning,L1,57,117,55,0,62,0,0,0
"School ofComputing",Computer Science,CS5246,Text Mining,L1,70,97,69,0,28,0,0,0
"School ofComputing",Computer Science,CS5250,Advanced Operating Systems,L1,65,27,27,4,0,0,0,0
"School ofComputing",Computer Science,CS5260,"Neural Networks and Deep LearningII",L1,35,57,35,0,22,0,0,0
"School ofComputing",Computer Science,CS5272,Embedded Software Design,L1,52,6,6,0,0,0,0,0
"School ofComputing",Computer Science,CS5321,Network Security,L1,22,19,15,0,4,0,0,0
"School ofComputing",Computer Science,CS5330,Randomized Algorithms,L1,30,8,8,1,0,0,0,0
"School ofComputing",Computer Science,CS5331,Web Security,L1,31,33,30,0,3,0,0,0
"School ofComputing",Computer Science,CS5332,Biometric Authentication,L1,32,30,30,0,0,0,0,0
"School ofComputing",Computer Science,CS5339,"Theory and Algorithms for MachineLearning",L1,27,30,23,0,7,0,0,0
"School ofComputing",Computer Science,CS5340,Uncertainty Modelling in AI,L1,60,33,33,0,0,0,0,0
"School ofComputing",Computer Science,CS5342,"Multimedia Computing andApplications",L1,68,12,12,0,0,0,0,0
"School ofComputing",Computer Science,CS5344,Big-Data Analytics Technology,L1,77,47,42,0,5,0,0,0
"School ofComputing",Computer Science,CS5346,Information Visualisation,L1,45,33,33,3,0,0,0,0
"School ofComputing",Computer Science,CS5421,"Database Applications Design andTuning",L1,69,82,64,0,18,0,0,0
"School ofComputing",Computer Science,CS5422,Wireless Networking,L1,17,1,1,0,0,0,0,0
"School ofComputing",Computer Science,CS5425,Big Data Systems for Data Science,L1,55,73,55,0,18,0,0,0
"Course HostFaculty/School","Course HostDepartment","CourseCode",Course Title,"CourseClass",Vacancy,Demand,"SuccessfulAllocations",Unsuccessful Allocations due to:,,,,
"",,,,,,,"MainList","ReserveList","QuotaExceeded","TimetableClashes","WorkloadExceeded",Others
"School ofComputing",Computer Science,CS5430,Foundations of Modern Cryptography,L1,10,8,8,0,0,0,0,0
"School ofComputing",Computer Science,CS5446,AI Planning and Decision Making,L1,34,37,30,0,7,0,0,0
"School ofComputing",Computer Science,CS5469,"Fundamentals of Logic in ComputerScience",L1,20,6,6,1,0,0,0,0
"School ofComputing",Computer Science,CS5477,3D Computer Vision,L1,35,15,15,0,0,0,0,0
"School ofComputing",Computer Science,CS6204,Advanced Topics in Networking,L1,18,3,3,0,0,0,0,0
"School ofComputing",Computer Science,CS6206,"Advanced Topics in Human-Computer Interaction",L1,18,16,16,0,0,0,0,0
"School ofComputing",Computer Science,CS6207,"Advanced Natural LanguageProcessing",L1,18,32,18,0,14,0,0,0
"School ofComputing",Computer Science,CS6208,"Advanced Topics in ArtificialIntelligence",L1,18,45,18,0,27,0,0,0
"School ofComputing",Computer Science,CS6211,"Analytical Performance Modelling forComputer Systems",L1,18,8,8,0,0,0,0,0
"School ofComputing",Computer Science,CS6212,Topics in Media,L1,18,11,11,3,0,0,0,0
"School ofComputing",Computer Science,CS6216,"Advanced Topics in MachineLearning",L1,18,27,18,0,9,0,0,0
"School ofComputing",Computer Science,CS6220,Advanced Topics in Data Mining,L1,18,21,18,0,3,0,0,0
"School ofComputing",Computer Science,CS6231,"Advanced Topics in Security andPrivacy",L1,18,16,16,0,0,0,0,0
"School ofComputing",Computer Science,CS6235,"Advanced Topics in TheoreticalComputer Science",L1,18,7,7,0,0,0,0,0
"School ofComputing",Computer Science,CS6240,Multimedia Analysis,L1,18,27,18,0,9,0,0,0
"School ofComputing",Computer Science,CS6244,Advanced Topics in Robotics,L1,18,15,15,0,0,0,0,0
"School ofComputing",Computer Science,CS6285,"Topics in Computer Science:Wireless Networks and Applications",L1,18,5,5,1,0,0,0,0
"Course HostFaculty/School","Course HostDepartment","CourseCode",Course Title,"CourseClass",Vacancy,Demand,"SuccessfulAllocations",Unsuccessful Allocations due to:,,,,
"",,,,,,,"MainList","ReserveList","QuotaExceeded","TimetableClashes","WorkloadExceeded",Others
"School ofComputing",Computer Science,IT5005,Artificial Intelligence,L1,98,85,85,1,0,0,0,0
"School ofComputing",Computer Science,IT5007,"Software Engineering on ApplicationArchitecture",L1,98,89,89,1,0,0,0,0
"School ofComputing",Computer Science,IT5100B,"Industry Readiness: StreamProcessing",L1,60,34,34,1,0,0,0,0
"School ofComputing",Computer Science,IT5100C,"Industry Readiness: DatabaseModelling and Programming",L1,60,54,53,0,0,0,0,1
"School ofComputing",Computer Science,IT5100F,"Industry Readiness: Data Analyticsand AI in Practice",L1,60,35,34,0,0,0,0,1
"School ofComputing","Info Systems andAnalytics",BT4211,Data-Driven Marketing,L1,2,3,2,0,1,0,0,0
"School ofComputing","Info Systems andAnalytics",BT4240,"Machine Learning for Predictive DataAnalytics",L1,2,3,2,0,1,0,0,0
"School ofComputing","Info Systems andAnalytics",BT5126,Hands-on with Business Analytics,L1,79,51,51,0,0,0,0,0
"School ofComputing","Info Systems andAnalytics",BT5151,"Advanced Analytics and MachineLearning",L1,80,65,65,0,0,0,0,0
"School ofComputing","Info Systems andAnalytics",BT5151,"Advanced Analytics and MachineLearning",L2,57,16,16,0,0,0,0,0
"School ofComputing","Info Systems andAnalytics",BT5153,"Applied Machine Learning forBusiness Analytics",L1,80,53,53,0,0,0,0,0
"School ofComputing","Info Systems andAnalytics",FT5003,Blockchain Innovations,L1,50,19,19,0,0,0,0,0
"School ofComputing","Info Systems andAnalytics",FT5004,"Programming for BlockchainApplications",L1,50,15,15,0,0,0,0,0
"School ofComputing","Info Systems andAnalytics",FT5005,Machine Learning for Finance,L1,50,38,38,0,0,0,0,0
"School ofComputing","Info Systems andAnalytics",FT5008,"Contemporary Topics in BlockchainApplications",L1,50,5,5,0,0,0,0,0
"School ofComputing","Info Systems andAnalytics",FT5010,"Algorithmic Trading Systems Designand Deployment",L1,50,30,30,0,0,0,0,0
"School ofComputing","Info Systems andAnalytics",IS4228,"Information Technologies in FinancialServices",L1,2,6,2,0,4,0,0,0
"Course HostFaculty/School","Course HostDepartment","CourseCode",Course Title,"CourseClass",Vacancy,Demand,"SuccessfulAllocations",Unsuccessful Allocations due to:,,,,
"",,,,,,,"MainList","ReserveList","QuotaExceeded","TimetableClashes","WorkloadExceeded",Others
"School ofComputing","Info Systems andAnalytics",IS4233,"Legal Aspects of InformationTechnology",L1,2,2,2,0,0,0,0,0
"School ofComputing","Info Systems andAnalytics",IS4236,"Cloud Services and InfrastructureManagement",L1,2,4,2,0,2,0,0,0
"School ofComputing","Info Systems andAnalytics",IS4241,Social Media Network Analysis,L1,2,1,1,1,0,0,0,0
"School ofComputing","Info Systems andAnalytics",IS4242,Intelligent Systems and Techniques,L1,2,5,2,0,3,0,0,0
"School ofComputing","Info Systems andAnalytics",IS4262,Digital Product Management,L1,2,5,2,0,3,0,0,0
"School ofComputing","Info Systems andAnalytics",IS4303,"IT-mediated financial solutions andplatforms",L1,2,3,2,0,1,0,0,0
"School ofComputing","Info Systems andAnalytics",IS5002,Digital Transformation,L1,38,95,38,0,57,0,0,0
"School ofComputing","Info Systems andAnalytics",IS5003,Platform Design and Economy,L1,27,35,25,0,10,0,0,0
"School ofComputing","Info Systems andAnalytics",IS5004,Enterprise Architecture,L1,55,36,36,3,0,0,0,0
"School ofComputing","Info Systems andAnalytics",IS5006,Human-Centred Intelligent Systems,L1,37,69,35,0,34,0,0,0
"School ofComputing","Info Systems andAnalytics",IS5008,Technology Risk & Cyber Resilience,L1,60,70,57,0,13,0,0,0
"School ofComputing","Info Systems andAnalytics",IS5009,"Topics in Financial TechnologySolutions",L1,33,27,27,1,0,0,0,0
"School ofComputing","Info Systems andAnalytics",IS5126,Hands-on with Applied Analytics,L1,30,35,26,0,9,0,0,0
"School ofComputing","Info Systems andAnalytics",IS5151,"Information Security Policy andManagement",L1,32,12,12,0,0,0,0,0
"School ofComputing","Info Systems andAnalytics",IS5152,Data-Driven Decision Making,L1,54,36,36,4,0,0,0,0
"School ofComputing","Info Systems andAnalytics",IS5451,AIoT Solutions and Development,L1,25,13,13,1,0,0,0,0
"School ofComputing","Info Systems andAnalytics",IS6001,Qualitative Methods for IS Research,L1,12,10,10,0,0,0,0,0
"Course HostFaculty/School","Course HostDepartment","CourseCode",Course Title,"CourseClass",Vacancy,Demand,"SuccessfulAllocations",Unsuccessful Allocations due to:,,,,
"",,,,,,,"MainList","ReserveList","QuotaExceeded","TimetableClashes","WorkloadExceeded",Others
"School ofComputing","Info Systems andAnalytics",IS6004,Econometrics for IS Research,L1,12,16,12,0,4,0,0,0
"School ofComputing","Info Systems andAnalytics",IS6006,Computational Social Science,L1,12,14,12,0,2,0,0,0
"School ofComputing","Info Systems andAnalytics",IT5004,"Enterprise Systems ArchitectureFundamentals",L1,78,17,17,0,0,0,0,0
"School ofComputing","Info Systems andAnalytics",IT5006,Fundamentals of Data Analytics,L1,78,57,57,0,0,0,0,0
"The Logistics Inst-Asia Pac","The Logistics Inst - AsiaPac",LI5001,Research Project,L1,-,50,0,0,7,0,0,43
"The Logistics Inst-Asia Pac","The Logistics Inst - AsiaPac",LI5101,Supply Chain Mgt Thinking & Practice,L1,-,9,2,0,7,0,0,0
"The Logistics Inst-Asia Pac","The Logistics Inst - AsiaPac",LI5202,"Supply Chain ManagementStrategies and Case Studies",L1,30,34,30,0,4,0,0,0
"The Logistics Inst-Asia Pac","The Logistics Inst - AsiaPac",LI5204,"Supply Chain Simulation andOptimization",L1,20,18,17,1,0,0,1,0
"Yong Loo Lin Schof Medicine","NUS Medicine Dean'sOffice",CDM5101,Fundamentals of Cancer Biology,L1,40,6,6,0,0,0,0,0
"Yong Loo Lin Schof Medicine","NUS Medicine Dean'sOffice",CDM5104,Computational genomics,L1,24,10,10,0,0,0,0,0
"Yong Loo Lin Schof Medicine","NUS Medicine Dean'sOffice",MDG5102,"TECHNIQUES IN BIOMEDICALRESEARCH",L1,80,4,4,0,0,0,0,0
"Yong Loo Lin Schof Medicine","NUS Medicine Dean'sOffice",MDG5205,NEUROSCIENCE,L1,50,1,1,0,0,0,0,0
"Yong Loo Lin Schof Medicine","NUS Medicine Dean'sOffice",MDG5207,"Clinical immunology andImmunotherapeutics",L1,60,5,5,0,0,0,0,0
"Yong Loo Lin Schof Medicine","NUS Medicine Dean'sOffice",MDG5222,"Cardiovascular and MetabolicDiseases",L1,30,8,8,0,0,0,0,0
"Yong Loo Lin Schof Medicine","NUS Medicine Dean'sOffice",MDG5224,Animal Models of Human Diseases,L1,25,5,5,0,0,0,0,0
"Yong Loo Lin Schof Medicine","NUS Medicine Dean'sOffice",MDG5230,"Bioethics: Core Philosophical andEmpirical Approaches",L1,16,1,1,0,0,0,0,0
"Yong Loo Lin Schof Medicine","NUS Medicine Dean'sOffice",MDG5232,Current Practices in Biotechnology,L1,60,14,14,0,0,0,0,0
"Course HostFaculty/School","Course HostDepartment","CourseCode",Course Title,"CourseClass",Vacancy,Demand,"SuccessfulAllocations",Unsuccessful Allocations due to:,,,,
"",,,,,,"MainList","ReserveList","QuotaExceeded","TimetableClashes","WorkloadExceeded",Others,
"Yong Loo Lin Schof Medicine","NUS Medicine Dean'sOffice",MDG5233,"Current Topics in Drug Design andDevelopment",L1,60,4,4,0,0,0,0,0
"Yong Loo Lin Schof Medicine","NUS Medicine Dean'sOffice",MDG5236,"Pathways to Biomedical Innovationand Enterprise",L1,25,2,2,0,0,0,0,0
"Yong Loo Lin Schof Medicine","NUS Medicine Dean'sOffice",MDG5237,"BIOMEDICAL INNOVATIONCAPSTONE",L1,25,1,1,0,0,0,0,0
"Yong Loo Lin Schof Medicine","NUS Medicine Dean'sOffice",MDG5244,Behavioral & Cognitive Neuroscience,L1,30,3,3,0,0,0,0,0
"Yong Loo Lin Schof Medicine","NUS Medicine Dean'sOffice",MDG5248,"Ethics of Health Data and ArtificialIntelligence",L1,15,5,5,0,0,0,0,0
"Yong Loo Lin Schof Medicine","NUS Medicine Dean'sOffice",MDG5251,"The Nuts and Bolts of Teaching inHigher Education",L1,20,4,4,0,0,0,0,0
"Yong Loo Lin Schof Medicine",Surgery,BMI5106,Clinical Decision Support Systems,L1,100,5,5,0,0,0,0,0
"Yong Loo Lin Schof Medicine",Surgery,BMI5107,"Advanced Evidence Based PatientCare",L1,100,3,3,0,0,0,0,0
"Yong Loo Lin Schof Medicine",Surgery,BMI5108,Advanced Value Based Healthcare,L1,100,7,7,0,0,0,0,0
"Yong Loo Lin Schof Medicine",Surgery,BMI5109,"Advanced Scientific ResearchMethods",L1,100,10,10,0,0,0,0,0
"Yong Loo Lin Schof Medicine",Surgery,BMI5110,Molecular Informatics,L1,100,13,13,0,0,0,0,0
"Yong Loo Lin Schof Medicine",Surgery,BMI5111,Capstone Project,L1,100,33,33,0,0,0,0,0
"Yong Loo Lin Schof Medicine",Surgery,BMI5206,"Advanced Human FactorsEngineering",L1,100,18,16,0,0,0,0,2
